{
  "all": {
    "n": 61,
    "rms_e": 870.2108668381123,
    "rms_n": 611.1509131317621,
    "rms_u": 4584.075675644375,
    "rms_3d": 4705.796658526365,
    "mean_3d": 2022.7892054325039,
    "max_3d": 22413.781503959228
  },
  "<5m": {
    "n": 49,
    "rms_e": 31.692030409793603,
    "rms_n": 127.93861228674808,
    "rms_u": 156.45085229431302,
    "rms_3d": 204.57160724105682,
    "mean_3d": 193.12069812552264,
    "max_3d": 326.5933693892202
  },
  "<2m": {
    "n": 16,
    "rms_e": 39.4413017870618,
    "rms_n": 92.19934876239839,
    "rms_u": 63.51956012366363,
    "rms_3d": 118.70581586333601,
    "mean_3d": 111.27674302181151,
    "max_3d": 199.9812681647684
  },
  "<1m": {
    "n": 9,
    "rms_e": 34.4545212098903,
    "rms_n": 70.92838711164151,
    "rms_u": 24.50706813018663,
    "rms_3d": 82.57449072559137,
    "mean_3d": 82.19626338160124,
    "max_3d": 98.08396660831544
  }
}