{
  "all": {
    "n": 61,
    "rms_e": 46.443224581175194,
    "rms_n": 47.53974443626709,
    "rms_u": 102.56544378297878,
    "rms_3d": 122.21567276198834,
    "mean_3d": 112.34787735025739,
    "max_3d": 272.596579585284
  },
  "<5m": {
    "n": 61,
    "rms_e": 46.443224581175194,
    "rms_n": 47.53974443626709,
    "rms_u": 102.56544378297878,
    "rms_3d": 122.21567276198834,
    "mean_3d": 112.34787735025739,
    "max_3d": 272.596579585284
  },
  "<2m": {
    "n": 58,
    "rms_e": 43.138609045502086,
    "rms_n": 48.728636912399956,
    "rms_u": 92.51311812521094,
    "rms_3d": 113.11099270490483,
    "mean_3d": 105.96778508965943,
    "max_3d": 196.7302743375042
  },
  "<1m": {
    "n": 29,
    "rms_e": 31.511514016098126,
    "rms_n": 59.19735527831035,
    "rms_u": 38.29028675527113,
    "rms_3d": 77.22336723725208,
    "mean_3d": 75.07181147235052,
    "max_3d": 99.50196347651278
  }
}