{
  "all": {
    "n": 481,
    "rms_e": 409.4447563913412,
    "rms_n": 585.7172306212857,
    "rms_u": 803.8024926444577,
    "rms_3d": 1075.5501522304753,
    "mean_3d": 826.5838940087367,
    "max_3d": 3289.9506094665694
  },
  "<5m": {
    "n": 190,
    "rms_e": 162.97414285865662,
    "rms_n": 189.18966959360293,
    "rms_u": 198.65701094733444,
    "rms_3d": 319.08918866248104,
    "mean_3d": 297.7240685881837,
    "max_3d": 498.1518901529146
  },
  "<2m": {
    "n": 47,
    "rms_e": 47.86748741332759,
    "rms_n": 78.31638234442495,
    "rms_u": 132.61078471723047,
    "rms_3d": 161.27731495122194,
    "mean_3d": 156.59642819743692,
    "max_3d": 198.25039524745125
  },
  "<1m": {
    "n": 8,
    "rms_e": 53.91242695096865,
    "rms_n": 35.786688552915116,
    "rms_u": 43.326295670406665,
    "rms_3d": 77.87428814982592,
    "mean_3d": 76.93241149329502,
    "max_3d": 98.63245945499779
  }
}