{
  "all": {
    "n": 481,
    "rms_e": 264.1123672293632,
    "rms_n": 492.6253439201144,
    "rms_u": 804.4851958782762,
    "rms_3d": 979.6078309118109,
    "mean_3d": 717.9434579517906,
    "max_3d": 7575.7581411354295
  },
  "<5m": {
    "n": 227,
    "rms_e": 92.66986632447932,
    "rms_n": 122.07946278848729,
    "rms_u": 233.40661674357702,
    "rms_3d": 279.23063603197625,
    "mean_3d": 256.75491638992696,
    "max_3d": 496.39052183582714
  },
  "<2m": {
    "n": 85,
    "rms_e": 61.71399674545843,
    "rms_n": 82.3118330994068,
    "rms_u": 114.45315296051379,
    "rms_3d": 153.89405279373304,
    "mean_3d": 151.05569297478814,
    "max_3d": 198.71871458449027
  },
  "<1m": {
    "n": 5,
    "rms_e": 55.89517362973756,
    "rms_n": 76.56069210164375,
    "rms_u": 18.87825810200396,
    "rms_3d": 96.65504972915309,
    "mean_3d": 96.61855369155697,
    "max_3d": 99.95735707639896
  }
}