{
  "all": {
    "n": 61,
    "rms_e": 1306.2608159682231,
    "rms_n": 1623.7324838222391,
    "rms_u": 7390.863039206412,
    "rms_3d": 7679.04166954325,
    "mean_3d": 3527.4442398537885,
    "max_3d": 23630.206670046682
  },
  "<5m": {
    "n": 49,
    "rms_e": 28.843962741722294,
    "rms_n": 141.09526403776704,
    "rms_u": 160.0056704849317,
    "rms_3d": 215.27113672293353,
    "mean_3d": 208.05903414019213,
    "max_3d": 323.48688565574497
  },
  "<2m": {
    "n": 15,
    "rms_e": 30.67951639469846,
    "rms_n": 120.31693626190483,
    "rms_u": 49.17672996785451,
    "rms_3d": 133.5505471590808,
    "mean_3d": 133.05631009585318,
    "max_3d": 154.87137467343862
  }
}