{
  "all": {
    "n": 211,
    "rms_e": 5973.959070899766,
    "rms_n": 12511.540040779842,
    "rms_u": 56220.26599855584,
    "rms_3d": 57904.62097381518,
    "mean_3d": 15113.52355839784,
    "max_3d": 580880.1099508429
  },
  "<5m": {
    "n": 71,
    "rms_e": 34.95970885425759,
    "rms_n": 64.57857822717897,
    "rms_u": 157.76830914377436,
    "rms_3d": 174.0213015096252,
    "mean_3d": 140.36395912614842,
    "max_3d": 423.14885328346304
  },
  "<2m": {
    "n": 49,
    "rms_e": 20.06937026567118,
    "rms_n": 38.81147065292521,
    "rms_u": 86.6321470486321,
    "rms_3d": 97.02700025951178,
    "mean_3d": 82.32811981579977,
    "max_3d": 195.1624366313832
  },
  "<1m": {
    "n": 34,
    "rms_e": 9.768870466712816,
    "rms_n": 30.603170921103697,
    "rms_u": 44.45746185021371,
    "rms_3d": 54.84934653015393,
    "mean_3d": 51.693497226425556,
    "max_3d": 95.51499238567175
  }
}