{
  "all": {
    "n": 481,
    "rms_e": 200.19216445950195,
    "rms_n": 348.1454533393391,
    "rms_u": 513.6266895686891,
    "rms_3d": 651.992742007601,
    "mean_3d": 521.5173931793724,
    "max_3d": 1548.450477388696
  },
  "<5m": {
    "n": 275,
    "rms_e": 89.56484523200206,
    "rms_n": 164.07643913041616,
    "rms_u": 176.5123234974251,
    "rms_3d": 257.09830751156534,
    "mean_3d": 224.5580480873259,
    "max_3d": 498.3250151344327
  },
  "<2m": {
    "n": 127,
    "rms_e": 41.086804293758064,
    "rms_n": 69.66154826602052,
    "rms_u": 90.56301724515187,
    "rms_3d": 121.41876661512563,
    "mean_3d": 111.67848678229481,
    "max_3d": 198.15554326726402
  },
  "<1m": {
    "n": 51,
    "rms_e": 28.229643138012754,
    "rms_n": 37.369160753248714,
    "rms_u": 44.905845786661324,
    "rms_3d": 64.88375693035712,
    "mean_3d": 61.27326679503432,
    "max_3d": 98.43488238167188
  }
}