{
  "all": {
    "n": 481,
    "rms_e": 358.88034993149887,
    "rms_n": 460.26966535202735,
    "rms_u": 521.3368763887142,
    "rms_3d": 782.5825254212314,
    "mean_3d": 593.2432057737253,
    "max_3d": 2187.838925893822
  },
  "<5m": {
    "n": 269,
    "rms_e": 96.42435032259623,
    "rms_n": 157.39961257010646,
    "rms_u": 165.64084160759907,
    "rms_3d": 248.0104469170247,
    "mean_3d": 224.98525237015002,
    "max_3d": 486.3493963298601
  },
  "<2m": {
    "n": 128,
    "rms_e": 40.17371587461844,
    "rms_n": 93.26845580003548,
    "rms_u": 99.06184376497164,
    "rms_3d": 141.8667726570017,
    "mean_3d": 137.21389896846995,
    "max_3d": 199.85587927133602
  },
  "<1m": {
    "n": 20,
    "rms_e": 36.969691104260264,
    "rms_n": 72.26388197325436,
    "rms_u": 39.50132812311248,
    "rms_3d": 90.27281773940094,
    "mean_3d": 89.6619210622734,
    "max_3d": 99.73578731940982
  }
}