{
  "all": {
    "n": 481,
    "rms_e": 160899.6690635298,
    "rms_n": 513000.8890201449,
    "rms_u": 828161.0634750612,
    "rms_3d": 987374.9858571246,
    "mean_3d": 813074.6735236401,
    "max_3d": 2532984.5829275595
  }
}